document,id,date,label
Arjun Mehta certificate instant approval from Delhi University no official verification fast process.,,,0
Priya Reddy certificate instant approval from National Property Council no official verification fast process.,,,0
This is to certify that Rohan Verma is officially registered with AIIMS Delhi. Registration ID ID-481748 dated 28 July 2020.,ID-481748,28 July 2020,1
This is to certify that Rohan Verma is officially registered with Apollo Hospital. Registration ID ID-339826 dated 19 August 2021.,ID-339826,19 August 2021,1
This is to certify that Rahul Sharma is officially registered with Delhi University. Registration ID ID-391563 dated 13 June 2020.,ID-391563,13 June 2020,1
This is to certify that Ananya Rao is officially registered with Osmania University. Registration ID ID-657055 dated 8 September 2023.,ID-657055,8 September 2023,1
This is to certify that Rohan Verma is officially registered with National Property Council. Registration ID ID-635768 dated 3 April 2024.,ID-635768,3 April 2024,1
This is to certify that Kavya Nair is officially registered with Osmania University. Registration ID ID-234468 dated 13 October 2021.,ID-234468,13 October 2021,1
This is to certify that Rohan Verma is officially registered with Apollo Hospital. Registration ID ID-721754 dated 15 August 2022.,ID-721754,15 August 2022,1
Sneha Kapoor certificate instant approval from District Court Hyderabad no official verification fast process.,,,0
This is to certify that Sneha Kapoor is officially registered with Apollo Hospital. Registration ID ID-181072 dated 17 April 2022.,ID-181072,17 April 2022,1
This is to certify that Arjun Mehta is officially registered with AIIMS Delhi. Registration ID ID-823730 dated 10 October 2022.,ID-823730,10 October 2022,1
This is to certify that Rohan Verma is officially registered with Apollo Hospital. Registration ID ID-460236 dated 14 September 2021.,ID-460236,14 September 2021,1
This is to certify that Sneha Kapoor is officially registered with AIIMS Delhi. Registration ID ID-807592 dated 9 July 2021.,ID-807592,9 July 2021,1
This is to certify that Sneha Kapoor is officially registered with Delhi University. Registration ID ID-356008 dated 16 October 2022.,ID-356008,16 October 2022,1
This is to certify that Vikram Singh is officially registered with National Property Council. Registration ID ID-958016 dated 28 April 2022.,ID-958016,28 April 2022,1
Rohan Verma certificate instant approval from Apollo Hospital no official verification fast process.,,,0
This is to certify that Rohan Verma is officially registered with District Court Hyderabad. Registration ID ID-768318 dated 15 November 2020.,ID-768318,15 November 2020,1
This is to certify that Priya Reddy is officially registered with District Court Hyderabad. Registration ID ID-801298 dated 19 October 2021.,ID-801298,19 October 2021,1
Rohan Verma certificate instant approval from Apollo Hospital no official verification fast process.,,,0
Rahul Sharma certificate instant approval from AIIMS Delhi no official verification fast process.,,,0
This is to certify that Sneha Kapoor is officially registered with Delhi University. Registration ID ID-196965 dated 10 October 2022.,ID-196965,10 October 2022,1
This is to certify that Arjun Mehta is officially registered with District Court Hyderabad. Registration ID ID-149993 dated 11 October 2023.,ID-149993,11 October 2023,1
Priya Reddy certificate instant approval from Osmania University no official verification fast process.,,,0
Rahul Sharma certificate instant approval from Apollo Hospital no official verification fast process.,,,0
Sneha Kapoor certificate instant approval from Osmania University no official verification fast process.,,,0
This is to certify that Priya Reddy is officially registered with Delhi University. Registration ID ID-445458 dated 18 May 2023.,ID-445458,18 May 2023,1
Vikram Singh certificate instant approval from Osmania University no official verification fast process.,,,0
Sneha Kapoor certificate instant approval from Osmania University no official verification fast process.,,,0
This is to certify that Kavya Nair is officially registered with Osmania University. Registration ID ID-330375 dated 16 January 2020.,ID-330375,16 January 2020,1
This is to certify that Arjun Mehta is officially registered with Apollo Hospital. Registration ID ID-611535 dated 14 July 2024.,ID-611535,14 July 2024,1
Arjun Mehta certificate instant approval from Apollo Hospital no official verification fast process.,,,0
This is to certify that Ananya Rao is officially registered with Delhi University. Registration ID ID-908429 dated 17 August 2021.,ID-908429,17 August 2021,1
This is to certify that Ananya Rao is officially registered with Apollo Hospital. Registration ID ID-162895 dated 19 September 2022.,ID-162895,19 September 2022,1
Ananya Rao certificate instant approval from Delhi University no official verification fast process.,,,0
Vikram Singh certificate instant approval from National Property Council no official verification fast process.,,,0
Kavya Nair certificate instant approval from Osmania University no official verification fast process.,,,0
Rahul Sharma certificate instant approval from Delhi University no official verification fast process.,,,0
Rahul Sharma certificate instant approval from National Property Council no official verification fast process.,,,0
Rahul Sharma certificate instant approval from National Property Council no official verification fast process.,,,0
Ananya Rao certificate instant approval from District Court Hyderabad no official verification fast process.,,,0
Priya Reddy certificate instant approval from AIIMS Delhi no official verification fast process.,,,0
This is to certify that Rohan Verma is officially registered with District Court Hyderabad. Registration ID ID-972170 dated 28 January 2023.,ID-972170,28 January 2023,1
This is to certify that Ananya Rao is officially registered with Apollo Hospital. Registration ID ID-252319 dated 6 June 2020.,ID-252319,6 June 2020,1
Priya Reddy certificate instant approval from District Court Hyderabad no official verification fast process.,,,0
This is to certify that Rohan Verma is officially registered with Apollo Hospital. Registration ID ID-252278 dated 8 March 2020.,ID-252278,8 March 2020,1
Arjun Mehta certificate instant approval from AIIMS Delhi no official verification fast process.,,,0
Ananya Rao certificate instant approval from National Property Council no official verification fast process.,,,0
This is to certify that Arjun Mehta is officially registered with National Property Council. Registration ID ID-593180 dated 16 July 2021.,ID-593180,16 July 2021,1
This is to certify that Kavya Nair is officially registered with Apollo Hospital. Registration ID ID-918934 dated 2 December 2020.,ID-918934,2 December 2020,1
Ananya Rao certificate instant approval from AIIMS Delhi no official verification fast process.,,,0
This is to certify that Rohan Verma is officially registered with Osmania University. Registration ID ID-384408 dated 3 April 2023.,ID-384408,3 April 2023,1
This is to certify that Priya Reddy is officially registered with Delhi University. Registration ID ID-254804 dated 15 January 2022.,ID-254804,15 January 2022,1
This is to certify that Arjun Mehta is officially registered with Osmania University. Registration ID ID-483535 dated 7 August 2024.,ID-483535,7 August 2024,1
This is to certify that Arjun Mehta is officially registered with District Court Hyderabad. Registration ID ID-435287 dated 1 September 2021.,ID-435287,1 September 2021,1
This is to certify that Priya Reddy is officially registered with Apollo Hospital. Registration ID ID-914589 dated 28 February 2021.,ID-914589,28 February 2021,1
Ananya Rao certificate instant approval from AIIMS Delhi no official verification fast process.,,,0
Rohan Verma certificate instant approval from Delhi University no official verification fast process.,,,0
This is to certify that Rohan Verma is officially registered with Apollo Hospital. Registration ID ID-236867 dated 27 November 2024.,ID-236867,27 November 2024,1
This is to certify that Vikram Singh is officially registered with National Property Council. Registration ID ID-640519 dated 3 October 2020.,ID-640519,3 October 2020,1
Sneha Kapoor certificate instant approval from Delhi University no official verification fast process.,,,0
Vikram Singh certificate instant approval from Delhi University no official verification fast process.,,,0
Arjun Mehta certificate instant approval from District Court Hyderabad no official verification fast process.,,,0
Priya Reddy certificate instant approval from Apollo Hospital no official verification fast process.,,,0
Vikram Singh certificate instant approval from Osmania University no official verification fast process.,,,0
This is to certify that Rohan Verma is officially registered with Apollo Hospital. Registration ID ID-483263 dated 24 November 2020.,ID-483263,24 November 2020,1
This is to certify that Sneha Kapoor is officially registered with National Property Council. Registration ID ID-111177 dated 4 August 2021.,ID-111177,4 August 2021,1
This is to certify that Ananya Rao is officially registered with Delhi University. Registration ID ID-409839 dated 27 November 2024.,ID-409839,27 November 2024,1
This is to certify that Rohan Verma is officially registered with National Property Council. Registration ID ID-315454 dated 3 July 2023.,ID-315454,3 July 2023,1
This is to certify that Rohan Verma is officially registered with AIIMS Delhi. Registration ID ID-616690 dated 6 May 2024.,ID-616690,6 May 2024,1
Rohan Verma certificate instant approval from Apollo Hospital no official verification fast process.,,,0
Rahul Sharma certificate instant approval from Osmania University no official verification fast process.,,,0
This is to certify that Vikram Singh is officially registered with District Court Hyderabad. Registration ID ID-758501 dated 15 April 2022.,ID-758501,15 April 2022,1
This is to certify that Kavya Nair is officially registered with AIIMS Delhi. Registration ID ID-752251 dated 2 December 2023.,ID-752251,2 December 2023,1
Arjun Mehta certificate instant approval from National Property Council no official verification fast process.,,,0
Rahul Sharma certificate instant approval from Apollo Hospital no official verification fast process.,,,0
This is to certify that Sneha Kapoor is officially registered with Osmania University. Registration ID ID-725583 dated 21 November 2023.,ID-725583,21 November 2023,1
Ananya Rao certificate instant approval from Delhi University no official verification fast process.,,,0
Sneha Kapoor certificate instant approval from AIIMS Delhi no official verification fast process.,,,0
Priya Reddy certificate instant approval from District Court Hyderabad no official verification fast process.,,,0
This is to certify that Rohan Verma is officially registered with National Property Council. Registration ID ID-793680 dated 5 July 2024.,ID-793680,5 July 2024,1
Arjun Mehta certificate instant approval from Osmania University no official verification fast process.,,,0
This is to certify that Kavya Nair is officially registered with Apollo Hospital. Registration ID ID-655859 dated 1 October 2021.,ID-655859,1 October 2021,1
This is to certify that Sneha Kapoor is officially registered with AIIMS Delhi. Registration ID ID-225083 dated 27 July 2020.,ID-225083,27 July 2020,1
This is to certify that Vikram Singh is officially registered with Delhi University. Registration ID ID-647626 dated 7 February 2022.,ID-647626,7 February 2022,1
This is to certify that Arjun Mehta is officially registered with Delhi University. Registration ID ID-179959 dated 8 August 2020.,ID-179959,8 August 2020,1
Rohan Verma certificate instant approval from Delhi University no official verification fast process.,,,0
This is to certify that Vikram Singh is officially registered with Osmania University. Registration ID ID-337141 dated 25 March 2022.,ID-337141,25 March 2022,1
This is to certify that Vikram Singh is officially registered with National Property Council. Registration ID ID-280752 dated 17 September 2022.,ID-280752,17 September 2022,1
This is to certify that Sneha Kapoor is officially registered with Osmania University. Registration ID ID-171685 dated 11 July 2024.,ID-171685,11 July 2024,1
This is to certify that Rohan Verma is officially registered with AIIMS Delhi. Registration ID ID-520473 dated 22 June 2020.,ID-520473,22 June 2020,1
Rahul Sharma certificate instant approval from District Court Hyderabad no official verification fast process.,,,0
Kavya Nair certificate instant approval from Osmania University no official verification fast process.,,,0
Rahul Sharma certificate instant approval from AIIMS Delhi no official verification fast process.,,,0
Sneha Kapoor certificate instant approval from District Court Hyderabad no official verification fast process.,,,0
This is to certify that Ananya Rao is officially registered with National Property Council. Registration ID ID-553247 dated 8 October 2024.,ID-553247,8 October 2024,1
This is to certify that Vikram Singh is officially registered with National Property Council. Registration ID ID-389905 dated 27 August 2020.,ID-389905,27 August 2020,1
Rohan Verma certificate instant approval from Delhi University no official verification fast process.,,,0
This is to certify that Arjun Mehta is officially registered with AIIMS Delhi. Registration ID ID-380843 dated 5 January 2020.,ID-380843,5 January 2020,1
Sneha Kapoor certificate instant approval from Apollo Hospital no official verification fast process.,,,0
This is to certify that Vikram Singh is officially registered with Delhi University. Registration ID ID-726606 dated 19 November 2021.,ID-726606,19 November 2021,1
This is to certify that Sneha Kapoor is officially registered with Osmania University. Registration ID ID-659235 dated 19 September 2020.,ID-659235,19 September 2020,1
This is to certify that Sneha Kapoor is officially registered with District Court Hyderabad. Registration ID ID-823355 dated 10 October 2020.,ID-823355,10 October 2020,1
This is to certify that Rahul Sharma is officially registered with District Court Hyderabad. Registration ID ID-199876 dated 12 December 2023.,ID-199876,12 December 2023,1
This is to certify that Kavya Nair is officially registered with Osmania University. Registration ID ID-301988 dated 11 August 2020.,ID-301988,11 August 2020,1
Kavya Nair certificate instant approval from AIIMS Delhi no official verification fast process.,,,0
This is to certify that Sneha Kapoor is officially registered with Apollo Hospital. Registration ID ID-773912 dated 21 April 2023.,ID-773912,21 April 2023,1
This is to certify that Arjun Mehta is officially registered with Apollo Hospital. Registration ID ID-600614 dated 21 November 2022.,ID-600614,21 November 2022,1
Vikram Singh certificate instant approval from Apollo Hospital no official verification fast process.,,,0
This is to certify that Priya Reddy is officially registered with District Court Hyderabad. Registration ID ID-353320 dated 6 March 2023.,ID-353320,6 March 2023,1
This is to certify that Kavya Nair is officially registered with AIIMS Delhi. Registration ID ID-211877 dated 5 March 2022.,ID-211877,5 March 2022,1
Arjun Mehta certificate instant approval from Osmania University no official verification fast process.,,,0
Sneha Kapoor certificate instant approval from National Property Council no official verification fast process.,,,0
Kavya Nair certificate instant approval from Osmania University no official verification fast process.,,,0
Kavya Nair certificate instant approval from AIIMS Delhi no official verification fast process.,,,0
This is to certify that Rohan Verma is officially registered with Osmania University. Registration ID ID-526798 dated 7 September 2021.,ID-526798,7 September 2021,1
This is to certify that Rahul Sharma is officially registered with Delhi University. Registration ID ID-212082 dated 27 March 2023.,ID-212082,27 March 2023,1
This is to certify that Ananya Rao is officially registered with AIIMS Delhi. Registration ID ID-139915 dated 13 February 2024.,ID-139915,13 February 2024,1
This is to certify that Kavya Nair is officially registered with Apollo Hospital. Registration ID ID-668956 dated 28 November 2023.,ID-668956,28 November 2023,1
Rohan Verma certificate instant approval from AIIMS Delhi no official verification fast process.,,,0
Kavya Nair certificate instant approval from Delhi University no official verification fast process.,,,0
This is to certify that Sneha Kapoor is officially registered with Delhi University. Registration ID ID-813352 dated 3 November 2021.,ID-813352,3 November 2021,1
Arjun Mehta certificate instant approval from Osmania University no official verification fast process.,,,0
Kavya Nair certificate instant approval from Osmania University no official verification fast process.,,,0
Sneha Kapoor certificate instant approval from Delhi University no official verification fast process.,,,0
Vikram Singh certificate instant approval from Apollo Hospital no official verification fast process.,,,0
Kavya Nair certificate instant approval from Apollo Hospital no official verification fast process.,,,0
Sneha Kapoor certificate instant approval from AIIMS Delhi no official verification fast process.,,,0
Priya Reddy certificate instant approval from Osmania University no official verification fast process.,,,0
This is to certify that Sneha Kapoor is officially registered with District Court Hyderabad. Registration ID ID-843759 dated 20 January 2022.,ID-843759,20 January 2022,1
This is to certify that Vikram Singh is officially registered with Osmania University. Registration ID ID-495399 dated 20 January 2020.,ID-495399,20 January 2020,1
Vikram Singh certificate instant approval from National Property Council no official verification fast process.,,,0
This is to certify that Rahul Sharma is officially registered with Delhi University. Registration ID ID-371922 dated 20 August 2022.,ID-371922,20 August 2022,1
Arjun Mehta certificate instant approval from National Property Council no official verification fast process.,,,0
Arjun Mehta certificate instant approval from AIIMS Delhi no official verification fast process.,,,0
Rohan Verma certificate instant approval from National Property Council no official verification fast process.,,,0
Rohan Verma certificate instant approval from National Property Council no official verification fast process.,,,0
This is to certify that Ananya Rao is officially registered with AIIMS Delhi. Registration ID ID-222405 dated 18 October 2024.,ID-222405,18 October 2024,1
This is to certify that Arjun Mehta is officially registered with Osmania University. Registration ID ID-750671 dated 21 February 2020.,ID-750671,21 February 2020,1
This is to certify that Arjun Mehta is officially registered with Apollo Hospital. Registration ID ID-171716 dated 25 March 2023.,ID-171716,25 March 2023,1
Ananya Rao certificate instant approval from Delhi University no official verification fast process.,,,0
This is to certify that Sneha Kapoor is officially registered with Apollo Hospital. Registration ID ID-900245 dated 7 March 2021.,ID-900245,7 March 2021,1
This is to certify that Arjun Mehta is officially registered with Apollo Hospital. Registration ID ID-985416 dated 21 November 2020.,ID-985416,21 November 2020,1
This is to certify that Kavya Nair is officially registered with Apollo Hospital. Registration ID ID-290996 dated 20 November 2020.,ID-290996,20 November 2020,1
Rohan Verma certificate instant approval from Delhi University no official verification fast process.,,,0
Priya Reddy certificate instant approval from Delhi University no official verification fast process.,,,0
This is to certify that Sneha Kapoor is officially registered with District Court Hyderabad. Registration ID ID-924270 dated 13 March 2023.,ID-924270,13 March 2023,1
This is to certify that Ananya Rao is officially registered with Delhi University. Registration ID ID-971459 dated 24 August 2021.,ID-971459,24 August 2021,1
Rahul Sharma certificate instant approval from Apollo Hospital no official verification fast process.,,,0
This is to certify that Priya Reddy is officially registered with Apollo Hospital. Registration ID ID-290267 dated 26 September 2024.,ID-290267,26 September 2024,1
This is to certify that Rahul Sharma is officially registered with National Property Council. Registration ID ID-839833 dated 12 March 2022.,ID-839833,12 March 2022,1
Vikram Singh certificate instant approval from National Property Council no official verification fast process.,,,0
Arjun Mehta certificate instant approval from Osmania University no official verification fast process.,,,0
This is to certify that Ananya Rao is officially registered with Delhi University. Registration ID ID-183503 dated 16 September 2020.,ID-183503,16 September 2020,1
This is to certify that Ananya Rao is officially registered with AIIMS Delhi. Registration ID ID-468637 dated 22 March 2023.,ID-468637,22 March 2023,1
This is to certify that Arjun Mehta is officially registered with National Property Council. Registration ID ID-132964 dated 5 June 2024.,ID-132964,5 June 2024,1
Arjun Mehta certificate instant approval from Apollo Hospital no official verification fast process.,,,0
This is to certify that Vikram Singh is officially registered with Apollo Hospital. Registration ID ID-825359 dated 24 April 2022.,ID-825359,24 April 2022,1
Kavya Nair certificate instant approval from Delhi University no official verification fast process.,,,0
Vikram Singh certificate instant approval from AIIMS Delhi no official verification fast process.,,,0
Rahul Sharma certificate instant approval from Apollo Hospital no official verification fast process.,,,0
This is to certify that Sneha Kapoor is officially registered with AIIMS Delhi. Registration ID ID-578227 dated 13 June 2023.,ID-578227,13 June 2023,1
Rahul Sharma certificate instant approval from Delhi University no official verification fast process.,,,0
This is to certify that Arjun Mehta is officially registered with District Court Hyderabad. Registration ID ID-885611 dated 8 August 2021.,ID-885611,8 August 2021,1
This is to certify that Arjun Mehta is officially registered with Osmania University. Registration ID ID-454840 dated 9 May 2021.,ID-454840,9 May 2021,1
This is to certify that Rohan Verma is officially registered with Apollo Hospital. Registration ID ID-818360 dated 1 November 2022.,ID-818360,1 November 2022,1
This is to certify that Priya Reddy is officially registered with National Property Council. Registration ID ID-758021 dated 4 March 2021.,ID-758021,4 March 2021,1
Rahul Sharma certificate instant approval from Delhi University no official verification fast process.,,,0
Priya Reddy certificate instant approval from Apollo Hospital no official verification fast process.,,,0
Rahul Sharma certificate instant approval from Apollo Hospital no official verification fast process.,,,0
Rahul Sharma certificate instant approval from Delhi University no official verification fast process.,,,0
Priya Reddy certificate instant approval from Osmania University no official verification fast process.,,,0
This is to certify that Priya Reddy is officially registered with Delhi University. Registration ID ID-866961 dated 27 November 2022.,ID-866961,27 November 2022,1
Kavya Nair certificate instant approval from National Property Council no official verification fast process.,,,0
This is to certify that Arjun Mehta is officially registered with Osmania University. Registration ID ID-558814 dated 8 July 2020.,ID-558814,8 July 2020,1
This is to certify that Priya Reddy is officially registered with Osmania University. Registration ID ID-736995 dated 4 November 2022.,ID-736995,4 November 2022,1
This is to certify that Sneha Kapoor is officially registered with National Property Council. Registration ID ID-447528 dated 18 December 2023.,ID-447528,18 December 2023,1
Kavya Nair certificate instant approval from District Court Hyderabad no official verification fast process.,,,0
Ananya Rao certificate instant approval from Delhi University no official verification fast process.,,,0
This is to certify that Rahul Sharma is officially registered with National Property Council. Registration ID ID-680709 dated 9 July 2021.,ID-680709,9 July 2021,1
Arjun Mehta certificate instant approval from Delhi University no official verification fast process.,,,0
Priya Reddy certificate instant approval from Delhi University no official verification fast process.,,,0
This is to certify that Vikram Singh is officially registered with AIIMS Delhi. Registration ID ID-467710 dated 19 March 2024.,ID-467710,19 March 2024,1
This is to certify that Priya Reddy is officially registered with AIIMS Delhi. Registration ID ID-466865 dated 12 August 2023.,ID-466865,12 August 2023,1
This is to certify that Ananya Rao is officially registered with Apollo Hospital. Registration ID ID-253900 dated 3 August 2021.,ID-253900,3 August 2021,1
This is to certify that Vikram Singh is officially registered with Osmania University. Registration ID ID-717295 dated 26 July 2022.,ID-717295,26 July 2022,1
This is to certify that Rahul Sharma is officially registered with District Court Hyderabad. Registration ID ID-509483 dated 19 February 2024.,ID-509483,19 February 2024,1
Ananya Rao certificate instant approval from Apollo Hospital no official verification fast process.,,,0
Arjun Mehta certificate instant approval from AIIMS Delhi no official verification fast process.,,,0
Kavya Nair certificate instant approval from AIIMS Delhi no official verification fast process.,,,0
Vikram Singh certificate instant approval from Apollo Hospital no official verification fast process.,,,0
This is to certify that Kavya Nair is officially registered with Osmania University. Registration ID ID-454185 dated 5 March 2023.,ID-454185,5 March 2023,1
This is to certify that Sneha Kapoor is officially registered with District Court Hyderabad. Registration ID ID-884376 dated 24 April 2021.,ID-884376,24 April 2021,1
Kavya Nair certificate instant approval from District Court Hyderabad no official verification fast process.,,,0
Ananya Rao certificate instant approval from Apollo Hospital no official verification fast process.,,,0
This is to certify that Vikram Singh is officially registered with Apollo Hospital. Registration ID ID-382862 dated 7 June 2020.,ID-382862,7 June 2020,1
This is to certify that Rohan Verma is officially registered with Apollo Hospital. Registration ID ID-643225 dated 6 July 2023.,ID-643225,6 July 2023,1
Ananya Rao certificate instant approval from Apollo Hospital no official verification fast process.,,,0
Vikram Singh certificate instant approval from National Property Council no official verification fast process.,,,0
This is to certify that Arjun Mehta is officially registered with AIIMS Delhi. Registration ID ID-556689 dated 9 September 2024.,ID-556689,9 September 2024,1
This is to certify that Rahul Sharma is officially registered with Delhi University. Registration ID ID-924680 dated 7 February 2022.,ID-924680,7 February 2022,1
Rohan Verma certificate instant approval from Osmania University no official verification fast process.,,,0
This is to certify that Priya Reddy is officially registered with AIIMS Delhi. Registration ID ID-572213 dated 24 November 2023.,ID-572213,24 November 2023,1
Sneha Kapoor certificate instant approval from Delhi University no official verification fast process.,,,0
Ananya Rao certificate instant approval from Apollo Hospital no official verification fast process.,,,0
This is to certify that Sneha Kapoor is officially registered with Delhi University. Registration ID ID-557878 dated 28 January 2021.,ID-557878,28 January 2021,1
Rahul Sharma certificate instant approval from National Property Council no official verification fast process.,,,0
This is to certify that Priya Reddy is officially registered with District Court Hyderabad. Registration ID ID-876591 dated 2 January 2024.,ID-876591,2 January 2024,1
Sneha Kapoor certificate instant approval from Osmania University no official verification fast process.,,,0
This is to certify that Rahul Sharma is officially registered with AIIMS Delhi. Registration ID ID-219458 dated 18 April 2021.,ID-219458,18 April 2021,1
This is to certify that Arjun Mehta is officially registered with Delhi University. Registration ID ID-328268 dated 5 October 2021.,ID-328268,5 October 2021,1
This is to certify that Kavya Nair is officially registered with Osmania University. Registration ID ID-970007 dated 27 May 2021.,ID-970007,27 May 2021,1
This is to certify that Kavya Nair is officially registered with Delhi University. Registration ID ID-659833 dated 2 December 2021.,ID-659833,2 December 2021,1
This is to certify that Rahul Sharma is officially registered with National Property Council. Registration ID ID-628724 dated 14 February 2024.,ID-628724,14 February 2024,1
This is to certify that Kavya Nair is officially registered with National Property Council. Registration ID ID-179210 dated 2 December 2024.,ID-179210,2 December 2024,1
This is to certify that Rohan Verma is officially registered with Osmania University. Registration ID ID-752405 dated 1 September 2024.,ID-752405,1 September 2024,1
This is to certify that Ananya Rao is officially registered with Delhi University. Registration ID ID-536391 dated 2 March 2020.,ID-536391,2 March 2020,1
Rohan Verma certificate instant approval from Osmania University no official verification fast process.,,,0
This is to certify that Sneha Kapoor is officially registered with National Property Council. Registration ID ID-769265 dated 19 April 2024.,ID-769265,19 April 2024,1
Rohan Verma certificate instant approval from Apollo Hospital no official verification fast process.,,,0
Priya Reddy certificate instant approval from AIIMS Delhi no official verification fast process.,,,0
Priya Reddy certificate instant approval from District Court Hyderabad no official verification fast process.,,,0
Rahul Sharma certificate instant approval from District Court Hyderabad no official verification fast process.,,,0
This is to certify that Rohan Verma is officially registered with District Court Hyderabad. Registration ID ID-230680 dated 25 July 2021.,ID-230680,25 July 2021,1
This is to certify that Rahul Sharma is officially registered with Apollo Hospital. Registration ID ID-579294 dated 17 January 2023.,ID-579294,17 January 2023,1
Rahul Sharma certificate instant approval from National Property Council no official verification fast process.,,,0
Rohan Verma certificate instant approval from Apollo Hospital no official verification fast process.,,,0
This is to certify that Priya Reddy is officially registered with Apollo Hospital. Registration ID ID-916183 dated 28 February 2021.,ID-916183,28 February 2021,1
This is to certify that Rahul Sharma is officially registered with Delhi University. Registration ID ID-876098 dated 27 April 2021.,ID-876098,27 April 2021,1
Vikram Singh certificate instant approval from National Property Council no official verification fast process.,,,0
This is to certify that Kavya Nair is officially registered with District Court Hyderabad. Registration ID ID-461357 dated 27 May 2020.,ID-461357,27 May 2020,1
This is to certify that Arjun Mehta is officially registered with Delhi University. Registration ID ID-132229 dated 16 May 2024.,ID-132229,16 May 2024,1
Rahul Sharma certificate instant approval from National Property Council no official verification fast process.,,,0
Priya Reddy certificate instant approval from Delhi University no official verification fast process.,,,0
This is to certify that Vikram Singh is officially registered with Apollo Hospital. Registration ID ID-243789 dated 8 March 2021.,ID-243789,8 March 2021,1
Priya Reddy certificate instant approval from AIIMS Delhi no official verification fast process.,,,0
This is to certify that Priya Reddy is officially registered with AIIMS Delhi. Registration ID ID-651666 dated 26 November 2020.,ID-651666,26 November 2020,1
This is to certify that Arjun Mehta is officially registered with Delhi University. Registration ID ID-797221 dated 16 November 2024.,ID-797221,16 November 2024,1
Rahul Sharma certificate instant approval from National Property Council no official verification fast process.,,,0
This is to certify that Rohan Verma is officially registered with District Court Hyderabad. Registration ID ID-124933 dated 3 May 2022.,ID-124933,3 May 2022,1
Kavya Nair certificate instant approval from District Court Hyderabad no official verification fast process.,,,0
Rohan Verma certificate instant approval from District Court Hyderabad no official verification fast process.,,,0
Rahul Sharma certificate instant approval from National Property Council no official verification fast process.,,,0
Sneha Kapoor certificate instant approval from Delhi University no official verification fast process.,,,0
Sneha Kapoor certificate instant approval from District Court Hyderabad no official verification fast process.,,,0
This is to certify that Sneha Kapoor is officially registered with Osmania University. Registration ID ID-274910 dated 1 May 2022.,ID-274910,1 May 2022,1
Arjun Mehta certificate instant approval from District Court Hyderabad no official verification fast process.,,,0
Sneha Kapoor certificate instant approval from AIIMS Delhi no official verification fast process.,,,0
This is to certify that Kavya Nair is officially registered with Apollo Hospital. Registration ID ID-980800 dated 27 October 2022.,ID-980800,27 October 2022,1
Arjun Mehta certificate instant approval from Delhi University no official verification fast process.,,,0
This is to certify that Ananya Rao is officially registered with AIIMS Delhi. Registration ID ID-523155 dated 3 July 2022.,ID-523155,3 July 2022,1
Rahul Sharma certificate instant approval from Apollo Hospital no official verification fast process.,,,0
Rohan Verma certificate instant approval from National Property Council no official verification fast process.,,,0
This is to certify that Arjun Mehta is officially registered with Osmania University. Registration ID ID-698034 dated 7 January 2021.,ID-698034,7 January 2021,1
Rohan Verma certificate instant approval from Apollo Hospital no official verification fast process.,,,0
Rahul Sharma certificate instant approval from Osmania University no official verification fast process.,,,0
This is to certify that Kavya Nair is officially registered with Osmania University. Registration ID ID-344857 dated 13 November 2024.,ID-344857,13 November 2024,1
This is to certify that Kavya Nair is officially registered with AIIMS Delhi. Registration ID ID-642519 dated 13 February 2024.,ID-642519,13 February 2024,1
Rohan Verma certificate instant approval from Delhi University no official verification fast process.,,,0
This is to certify that Sneha Kapoor is officially registered with Osmania University. Registration ID ID-603531 dated 23 May 2021.,ID-603531,23 May 2021,1
Priya Reddy certificate instant approval from National Property Council no official verification fast process.,,,0
This is to certify that Rahul Sharma is officially registered with Delhi University. Registration ID ID-231636 dated 14 October 2022.,ID-231636,14 October 2022,1
Priya Reddy certificate instant approval from District Court Hyderabad no official verification fast process.,,,0
This is to certify that Rahul Sharma is officially registered with Apollo Hospital. Registration ID ID-198412 dated 28 April 2023.,ID-198412,28 April 2023,1
Rohan Verma certificate instant approval from Osmania University no official verification fast process.,,,0
This is to certify that Rohan Verma is officially registered with District Court Hyderabad. Registration ID ID-638855 dated 14 May 2024.,ID-638855,14 May 2024,1
This is to certify that Priya Reddy is officially registered with Osmania University. Registration ID ID-634531 dated 26 May 2023.,ID-634531,26 May 2023,1
Rahul Sharma certificate instant approval from District Court Hyderabad no official verification fast process.,,,0
Priya Reddy certificate instant approval from Apollo Hospital no official verification fast process.,,,0
Arjun Mehta certificate instant approval from Osmania University no official verification fast process.,,,0
Vikram Singh certificate instant approval from Apollo Hospital no official verification fast process.,,,0
This is to certify that Ananya Rao is officially registered with Osmania University. Registration ID ID-908847 dated 9 April 2023.,ID-908847,9 April 2023,1
Rahul Sharma certificate instant approval from Apollo Hospital no official verification fast process.,,,0
This is to certify that Kavya Nair is officially registered with District Court Hyderabad. Registration ID ID-688310 dated 11 April 2024.,ID-688310,11 April 2024,1
Rohan Verma certificate instant approval from District Court Hyderabad no official verification fast process.,,,0
Kavya Nair certificate instant approval from Osmania University no official verification fast process.,,,0
Kavya Nair certificate instant approval from Apollo Hospital no official verification fast process.,,,0
This is to certify that Kavya Nair is officially registered with AIIMS Delhi. Registration ID ID-822659 dated 7 February 2024.,ID-822659,7 February 2024,1
Arjun Mehta certificate instant approval from Apollo Hospital no official verification fast process.,,,0
This is to certify that Rohan Verma is officially registered with Osmania University. Registration ID ID-278512 dated 15 October 2023.,ID-278512,15 October 2023,1
Rahul Sharma certificate instant approval from Delhi University no official verification fast process.,,,0
Rahul Sharma certificate instant approval from National Property Council no official verification fast process.,,,0
This is to certify that Ananya Rao is officially registered with Apollo Hospital. Registration ID ID-464812 dated 20 April 2020.,ID-464812,20 April 2020,1
Kavya Nair certificate instant approval from Osmania University no official verification fast process.,,,0
This is to certify that Kavya Nair is officially registered with AIIMS Delhi. Registration ID ID-618731 dated 20 September 2023.,ID-618731,20 September 2023,1
This is to certify that Vikram Singh is officially registered with AIIMS Delhi. Registration ID ID-140977 dated 18 April 2022.,ID-140977,18 April 2022,1
Ananya Rao certificate instant approval from Apollo Hospital no official verification fast process.,,,0
Sneha Kapoor certificate instant approval from National Property Council no official verification fast process.,,,0
Rahul Sharma certificate instant approval from AIIMS Delhi no official verification fast process.,,,0
This is to certify that Ananya Rao is officially registered with Delhi University. Registration ID ID-773377 dated 3 June 2021.,ID-773377,3 June 2021,1
This is to certify that Rahul Sharma is officially registered with AIIMS Delhi. Registration ID ID-906188 dated 20 February 2024.,ID-906188,20 February 2024,1
This is to certify that Sneha Kapoor is officially registered with District Court Hyderabad. Registration ID ID-991366 dated 20 November 2022.,ID-991366,20 November 2022,1
Kavya Nair certificate instant approval from AIIMS Delhi no official verification fast process.,,,0
Ananya Rao certificate instant approval from National Property Council no official verification fast process.,,,0
Sneha Kapoor certificate instant approval from Osmania University no official verification fast process.,,,0
Sneha Kapoor certificate instant approval from Osmania University no official verification fast process.,,,0
This is to certify that Rahul Sharma is officially registered with AIIMS Delhi. Registration ID ID-992885 dated 27 November 2023.,ID-992885,27 November 2023,1
This is to certify that Vikram Singh is officially registered with National Property Council. Registration ID ID-335280 dated 13 October 2020.,ID-335280,13 October 2020,1
This is to certify that Ananya Rao is officially registered with Apollo Hospital. Registration ID ID-610585 dated 11 January 2021.,ID-610585,11 January 2021,1
This is to certify that Rahul Sharma is officially registered with National Property Council. Registration ID ID-910892 dated 23 March 2022.,ID-910892,23 March 2022,1
This is to certify that Rohan Verma is officially registered with Delhi University. Registration ID ID-131272 dated 2 February 2020.,ID-131272,2 February 2020,1
Sneha Kapoor certificate instant approval from Apollo Hospital no official verification fast process.,,,0
This is to certify that Kavya Nair is officially registered with District Court Hyderabad. Registration ID ID-626398 dated 16 January 2023.,ID-626398,16 January 2023,1
Rohan Verma certificate instant approval from Apollo Hospital no official verification fast process.,,,0
Rahul Sharma certificate instant approval from District Court Hyderabad no official verification fast process.,,,0
Kavya Nair certificate instant approval from Apollo Hospital no official verification fast process.,,,0
This is to certify that Arjun Mehta is officially registered with Osmania University. Registration ID ID-993717 dated 22 October 2022.,ID-993717,22 October 2022,1
This is to certify that Sneha Kapoor is officially registered with AIIMS Delhi. Registration ID ID-867759 dated 6 October 2023.,ID-867759,6 October 2023,1
Priya Reddy certificate instant approval from AIIMS Delhi no official verification fast process.,,,0
This is to certify that Kavya Nair is officially registered with District Court Hyderabad. Registration ID ID-107614 dated 7 August 2022.,ID-107614,7 August 2022,1
Sneha Kapoor certificate instant approval from Delhi University no official verification fast process.,,,0
Ananya Rao certificate instant approval from Delhi University no official verification fast process.,,,0
This is to certify that Rohan Verma is officially registered with AIIMS Delhi. Registration ID ID-680451 dated 5 May 2024.,ID-680451,5 May 2024,1
This is to certify that Ananya Rao is officially registered with Apollo Hospital. Registration ID ID-610622 dated 10 May 2024.,ID-610622,10 May 2024,1
This is to certify that Ananya Rao is officially registered with District Court Hyderabad. Registration ID ID-759288 dated 1 August 2020.,ID-759288,1 August 2020,1
This is to certify that Rahul Sharma is officially registered with Apollo Hospital. Registration ID ID-645225 dated 1 July 2023.,ID-645225,1 July 2023,1
Rohan Verma certificate instant approval from District Court Hyderabad no official verification fast process.,,,0
Priya Reddy certificate instant approval from Osmania University no official verification fast process.,,,0
This is to certify that Rahul Sharma is officially registered with National Property Council. Registration ID ID-482916 dated 15 June 2024.,ID-482916,15 June 2024,1
Kavya Nair certificate instant approval from District Court Hyderabad no official verification fast process.,,,0
This is to certify that Vikram Singh is officially registered with National Property Council. Registration ID ID-278449 dated 17 September 2024.,ID-278449,17 September 2024,1
This is to certify that Kavya Nair is officially registered with National Property Council. Registration ID ID-757328 dated 14 July 2024.,ID-757328,14 July 2024,1
This is to certify that Kavya Nair is officially registered with District Court Hyderabad. Registration ID ID-562711 dated 6 April 2024.,ID-562711,6 April 2024,1
This is to certify that Sneha Kapoor is officially registered with Osmania University. Registration ID ID-890918 dated 2 September 2020.,ID-890918,2 September 2020,1
This is to certify that Arjun Mehta is officially registered with Osmania University. Registration ID ID-763098 dated 4 December 2024.,ID-763098,4 December 2024,1
Sneha Kapoor certificate instant approval from AIIMS Delhi no official verification fast process.,,,0
This is to certify that Rohan Verma is officially registered with Osmania University. Registration ID ID-638675 dated 3 November 2023.,ID-638675,3 November 2023,1
Rohan Verma certificate instant approval from AIIMS Delhi no official verification fast process.,,,0
Rahul Sharma certificate instant approval from Apollo Hospital no official verification fast process.,,,0
This is to certify that Ananya Rao is officially registered with Apollo Hospital. Registration ID ID-893196 dated 19 October 2021.,ID-893196,19 October 2021,1
Rohan Verma certificate instant approval from District Court Hyderabad no official verification fast process.,,,0
This is to certify that Rohan Verma is officially registered with Delhi University. Registration ID ID-851201 dated 10 November 2022.,ID-851201,10 November 2022,1
This is to certify that Priya Reddy is officially registered with AIIMS Delhi. Registration ID ID-406408 dated 5 January 2023.,ID-406408,5 January 2023,1
Arjun Mehta certificate instant approval from Apollo Hospital no official verification fast process.,,,0
This is to certify that Priya Reddy is officially registered with Osmania University. Registration ID ID-117861 dated 8 September 2024.,ID-117861,8 September 2024,1
Rohan Verma certificate instant approval from National Property Council no official verification fast process.,,,0
Kavya Nair certificate instant approval from Apollo Hospital no official verification fast process.,,,0
Arjun Mehta certificate instant approval from Apollo Hospital no official verification fast process.,,,0
Sneha Kapoor certificate instant approval from Osmania University no official verification fast process.,,,0
Kavya Nair certificate instant approval from National Property Council no official verification fast process.,,,0
Arjun Mehta certificate instant approval from AIIMS Delhi no official verification fast process.,,,0
This is to certify that Rohan Verma is officially registered with District Court Hyderabad. Registration ID ID-261512 dated 25 July 2023.,ID-261512,25 July 2023,1
This is to certify that Rohan Verma is officially registered with Osmania University. Registration ID ID-817306 dated 13 November 2023.,ID-817306,13 November 2023,1
Rohan Verma certificate instant approval from District Court Hyderabad no official verification fast process.,,,0
Ananya Rao certificate instant approval from Apollo Hospital no official verification fast process.,,,0
This is to certify that Rohan Verma is officially registered with Delhi University. Registration ID ID-149911 dated 17 February 2024.,ID-149911,17 February 2024,1
Ananya Rao certificate instant approval from Delhi University no official verification fast process.,,,0
Sneha Kapoor certificate instant approval from National Property Council no official verification fast process.,,,0
Kavya Nair certificate instant approval from District Court Hyderabad no official verification fast process.,,,0
Vikram Singh certificate instant approval from Osmania University no official verification fast process.,,,0
This is to certify that Rahul Sharma is officially registered with District Court Hyderabad. Registration ID ID-782207 dated 13 May 2021.,ID-782207,13 May 2021,1
This is to certify that Vikram Singh is officially registered with Osmania University. Registration ID ID-562987 dated 1 March 2023.,ID-562987,1 March 2023,1
Vikram Singh certificate instant approval from Delhi University no official verification fast process.,,,0
Arjun Mehta certificate instant approval from Osmania University no official verification fast process.,,,0
Arjun Mehta certificate instant approval from District Court Hyderabad no official verification fast process.,,,0
Kavya Nair certificate instant approval from AIIMS Delhi no official verification fast process.,,,0
This is to certify that Ananya Rao is officially registered with Delhi University. Registration ID ID-438929 dated 23 May 2020.,ID-438929,23 May 2020,1
This is to certify that Rahul Sharma is officially registered with AIIMS Delhi. Registration ID ID-835520 dated 19 January 2021.,ID-835520,19 January 2021,1
This is to certify that Arjun Mehta is officially registered with District Court Hyderabad. Registration ID ID-645661 dated 3 February 2021.,ID-645661,3 February 2021,1
Kavya Nair certificate instant approval from National Property Council no official verification fast process.,,,0
This is to certify that Arjun Mehta is officially registered with National Property Council. Registration ID ID-225190 dated 11 March 2021.,ID-225190,11 March 2021,1
This is to certify that Rahul Sharma is officially registered with Osmania University. Registration ID ID-667975 dated 17 November 2024.,ID-667975,17 November 2024,1
Sneha Kapoor certificate instant approval from Osmania University no official verification fast process.,,,0
This is to certify that Ananya Rao is officially registered with National Property Council. Registration ID ID-971486 dated 15 October 2021.,ID-971486,15 October 2021,1
This is to certify that Rohan Verma is officially registered with Delhi University. Registration ID ID-254748 dated 13 July 2024.,ID-254748,13 July 2024,1
Ananya Rao certificate instant approval from Apollo Hospital no official verification fast process.,,,0
Ananya Rao certificate instant approval from District Court Hyderabad no official verification fast process.,,,0
This is to certify that Kavya Nair is officially registered with AIIMS Delhi. Registration ID ID-337422 dated 6 May 2022.,ID-337422,6 May 2022,1
This is to certify that Rahul Sharma is officially registered with Apollo Hospital. Registration ID ID-981483 dated 13 October 2020.,ID-981483,13 October 2020,1
This is to certify that Arjun Mehta is officially registered with Delhi University. Registration ID ID-306481 dated 3 December 2024.,ID-306481,3 December 2024,1
This is to certify that Ananya Rao is officially registered with National Property Council. Registration ID ID-623843 dated 8 November 2022.,ID-623843,8 November 2022,1
This is to certify that Rohan Verma is officially registered with Delhi University. Registration ID ID-270858 dated 8 December 2020.,ID-270858,8 December 2020,1
Kavya Nair certificate instant approval from District Court Hyderabad no official verification fast process.,,,0
This is to certify that Vikram Singh is officially registered with District Court Hyderabad. Registration ID ID-197096 dated 2 February 2021.,ID-197096,2 February 2021,1
Rohan Verma certificate instant approval from AIIMS Delhi no official verification fast process.,,,0
This is to certify that Kavya Nair is officially registered with Apollo Hospital. Registration ID ID-427379 dated 25 July 2024.,ID-427379,25 July 2024,1
Rohan Verma certificate instant approval from Osmania University no official verification fast process.,,,0
This is to certify that Rahul Sharma is officially registered with National Property Council. Registration ID ID-697359 dated 18 August 2020.,ID-697359,18 August 2020,1
This is to certify that Rohan Verma is officially registered with National Property Council. Registration ID ID-710745 dated 5 November 2024.,ID-710745,5 November 2024,1
Priya Reddy certificate instant approval from AIIMS Delhi no official verification fast process.,,,0
This is to certify that Arjun Mehta is officially registered with Osmania University. Registration ID ID-658536 dated 22 March 2022.,ID-658536,22 March 2022,1
This is to certify that Kavya Nair is officially registered with Osmania University. Registration ID ID-759535 dated 5 April 2020.,ID-759535,5 April 2020,1
Ananya Rao certificate instant approval from Delhi University no official verification fast process.,,,0
This is to certify that Rahul Sharma is officially registered with Apollo Hospital. Registration ID ID-850433 dated 5 March 2024.,ID-850433,5 March 2024,1
Rohan Verma certificate instant approval from AIIMS Delhi no official verification fast process.,,,0
This is to certify that Rahul Sharma is officially registered with Apollo Hospital. Registration ID ID-418514 dated 9 August 2021.,ID-418514,9 August 2021,1
Ananya Rao certificate instant approval from AIIMS Delhi no official verification fast process.,,,0
Arjun Mehta certificate instant approval from District Court Hyderabad no official verification fast process.,,,0
This is to certify that Rohan Verma is officially registered with Delhi University. Registration ID ID-511783 dated 17 April 2020.,ID-511783,17 April 2020,1
This is to certify that Rahul Sharma is officially registered with District Court Hyderabad. Registration ID ID-364392 dated 5 July 2021.,ID-364392,5 July 2021,1
This is to certify that Rahul Sharma is officially registered with National Property Council. Registration ID ID-787641 dated 15 November 2022.,ID-787641,15 November 2022,1
Kavya Nair certificate instant approval from AIIMS Delhi no official verification fast process.,,,0
Vikram Singh certificate instant approval from District Court Hyderabad no official verification fast process.,,,0
Rohan Verma certificate instant approval from AIIMS Delhi no official verification fast process.,,,0
Ananya Rao certificate instant approval from Apollo Hospital no official verification fast process.,,,0
Vikram Singh certificate instant approval from District Court Hyderabad no official verification fast process.,,,0
Rohan Verma certificate instant approval from National Property Council no official verification fast process.,,,0
Kavya Nair certificate instant approval from Apollo Hospital no official verification fast process.,,,0
This is to certify that Sneha Kapoor is officially registered with Osmania University. Registration ID ID-375010 dated 13 September 2024.,ID-375010,13 September 2024,1
Ananya Rao certificate instant approval from Apollo Hospital no official verification fast process.,,,0
Rahul Sharma certificate instant approval from Delhi University no official verification fast process.,,,0
This is to certify that Rohan Verma is officially registered with AIIMS Delhi. Registration ID ID-157434 dated 9 April 2021.,ID-157434,9 April 2021,1
This is to certify that Ananya Rao is officially registered with Delhi University. Registration ID ID-695794 dated 9 July 2023.,ID-695794,9 July 2023,1
This is to certify that Rohan Verma is officially registered with National Property Council. Registration ID ID-833706 dated 22 September 2024.,ID-833706,22 September 2024,1
This is to certify that Arjun Mehta is officially registered with AIIMS Delhi. Registration ID ID-328563 dated 10 March 2021.,ID-328563,10 March 2021,1
This is to certify that Vikram Singh is officially registered with National Property Council. Registration ID ID-685833 dated 6 January 2021.,ID-685833,6 January 2021,1
Rohan Verma certificate instant approval from Osmania University no official verification fast process.,,,0
This is to certify that Vikram Singh is officially registered with Delhi University. Registration ID ID-194666 dated 27 February 2020.,ID-194666,27 February 2020,1
Arjun Mehta certificate instant approval from National Property Council no official verification fast process.,,,0
Vikram Singh certificate instant approval from Delhi University no official verification fast process.,,,0
Rohan Verma certificate instant approval from District Court Hyderabad no official verification fast process.,,,0
Sneha Kapoor certificate instant approval from Apollo Hospital no official verification fast process.,,,0
This is to certify that Vikram Singh is officially registered with Apollo Hospital. Registration ID ID-989721 dated 17 May 2020.,ID-989721,17 May 2020,1
Ananya Rao certificate instant approval from Delhi University no official verification fast process.,,,0
Sneha Kapoor certificate instant approval from District Court Hyderabad no official verification fast process.,,,0
Vikram Singh certificate instant approval from Apollo Hospital no official verification fast process.,,,0
Rohan Verma certificate instant approval from AIIMS Delhi no official verification fast process.,,,0
Rahul Sharma certificate instant approval from AIIMS Delhi no official verification fast process.,,,0
Rohan Verma certificate instant approval from District Court Hyderabad no official verification fast process.,,,0
This is to certify that Sneha Kapoor is officially registered with Delhi University. Registration ID ID-862868 dated 24 June 2022.,ID-862868,24 June 2022,1
This is to certify that Rohan Verma is officially registered with Apollo Hospital. Registration ID ID-814916 dated 6 December 2020.,ID-814916,6 December 2020,1
Ananya Rao certificate instant approval from AIIMS Delhi no official verification fast process.,,,0
Ananya Rao certificate instant approval from Delhi University no official verification fast process.,,,0
This is to certify that Priya Reddy is officially registered with Osmania University. Registration ID ID-916382 dated 13 October 2023.,ID-916382,13 October 2023,1
Kavya Nair certificate instant approval from AIIMS Delhi no official verification fast process.,,,0
Ananya Rao certificate instant approval from Apollo Hospital no official verification fast process.,,,0
Vikram Singh certificate instant approval from AIIMS Delhi no official verification fast process.,,,0
Rohan Verma certificate instant approval from Osmania University no official verification fast process.,,,0
Rohan Verma certificate instant approval from Apollo Hospital no official verification fast process.,,,0
This is to certify that Rohan Verma is officially registered with District Court Hyderabad. Registration ID ID-223888 dated 10 December 2020.,ID-223888,10 December 2020,1
This is to certify that Kavya Nair is officially registered with National Property Council. Registration ID ID-438300 dated 17 July 2020.,ID-438300,17 July 2020,1
This is to certify that Vikram Singh is officially registered with Delhi University. Registration ID ID-750593 dated 9 June 2024.,ID-750593,9 June 2024,1
This is to certify that Rahul Sharma is officially registered with Apollo Hospital. Registration ID ID-190496 dated 25 April 2020.,ID-190496,25 April 2020,1
Rohan Verma certificate instant approval from Apollo Hospital no official verification fast process.,,,0
This is to certify that Kavya Nair is officially registered with AIIMS Delhi. Registration ID ID-960373 dated 12 August 2020.,ID-960373,12 August 2020,1
Sneha Kapoor certificate instant approval from Apollo Hospital no official verification fast process.,,,0
This is to certify that Kavya Nair is officially registered with AIIMS Delhi. Registration ID ID-386920 dated 24 December 2020.,ID-386920,24 December 2020,1
Arjun Mehta certificate instant approval from Osmania University no official verification fast process.,,,0
This is to certify that Priya Reddy is officially registered with National Property Council. Registration ID ID-774260 dated 18 July 2024.,ID-774260,18 July 2024,1
Rahul Sharma certificate instant approval from National Property Council no official verification fast process.,,,0
This is to certify that Priya Reddy is officially registered with AIIMS Delhi. Registration ID ID-114847 dated 11 September 2020.,ID-114847,11 September 2020,1
Rohan Verma certificate instant approval from Delhi University no official verification fast process.,,,0
Kavya Nair certificate instant approval from AIIMS Delhi no official verification fast process.,,,0
Vikram Singh certificate instant approval from Osmania University no official verification fast process.,,,0
Sneha Kapoor certificate instant approval from Delhi University no official verification fast process.,,,0
This is to certify that Ananya Rao is officially registered with Delhi University. Registration ID ID-329815 dated 17 October 2022.,ID-329815,17 October 2022,1
This is to certify that Vikram Singh is officially registered with Apollo Hospital. Registration ID ID-617431 dated 13 May 2020.,ID-617431,13 May 2020,1
Vikram Singh certificate instant approval from Delhi University no official verification fast process.,,,0
Ananya Rao certificate instant approval from National Property Council no official verification fast process.,,,0
This is to certify that Ananya Rao is officially registered with District Court Hyderabad. Registration ID ID-528394 dated 7 January 2021.,ID-528394,7 January 2021,1
Sneha Kapoor certificate instant approval from District Court Hyderabad no official verification fast process.,,,0
This is to certify that Sneha Kapoor is officially registered with District Court Hyderabad. Registration ID ID-647435 dated 13 May 2021.,ID-647435,13 May 2021,1
Kavya Nair certificate instant approval from Apollo Hospital no official verification fast process.,,,0
Kavya Nair certificate instant approval from Osmania University no official verification fast process.,,,0
This is to certify that Rahul Sharma is officially registered with Osmania University. Registration ID ID-506330 dated 19 November 2022.,ID-506330,19 November 2022,1
This is to certify that Sneha Kapoor is officially registered with Apollo Hospital. Registration ID ID-332613 dated 7 February 2022.,ID-332613,7 February 2022,1
This is to certify that Sneha Kapoor is officially registered with Delhi University. Registration ID ID-574730 dated 23 June 2020.,ID-574730,23 June 2020,1
Arjun Mehta certificate instant approval from Delhi University no official verification fast process.,,,0
This is to certify that Priya Reddy is officially registered with District Court Hyderabad. Registration ID ID-174883 dated 23 August 2021.,ID-174883,23 August 2021,1
This is to certify that Ananya Rao is officially registered with Apollo Hospital. Registration ID ID-296996 dated 6 December 2022.,ID-296996,6 December 2022,1
This is to certify that Vikram Singh is officially registered with District Court Hyderabad. Registration ID ID-437535 dated 19 June 2022.,ID-437535,19 June 2022,1
This is to certify that Vikram Singh is officially registered with National Property Council. Registration ID ID-361196 dated 11 December 2022.,ID-361196,11 December 2022,1
Vikram Singh certificate instant approval from National Property Council no official verification fast process.,,,0
This is to certify that Ananya Rao is officially registered with Apollo Hospital. Registration ID ID-871936 dated 12 July 2023.,ID-871936,12 July 2023,1
Vikram Singh certificate instant approval from District Court Hyderabad no official verification fast process.,,,0
This is to certify that Ananya Rao is officially registered with Apollo Hospital. Registration ID ID-991980 dated 27 June 2022.,ID-991980,27 June 2022,1
Vikram Singh certificate instant approval from National Property Council no official verification fast process.,,,0
Ananya Rao certificate instant approval from Osmania University no official verification fast process.,,,0
Sneha Kapoor certificate instant approval from District Court Hyderabad no official verification fast process.,,,0
This is to certify that Rohan Verma is officially registered with AIIMS Delhi. Registration ID ID-472697 dated 18 April 2021.,ID-472697,18 April 2021,1
Vikram Singh certificate instant approval from National Property Council no official verification fast process.,,,0
This is to certify that Arjun Mehta is officially registered with Apollo Hospital. Registration ID ID-695001 dated 24 January 2023.,ID-695001,24 January 2023,1
This is to certify that Rahul Sharma is officially registered with National Property Council. Registration ID ID-778405 dated 9 April 2022.,ID-778405,9 April 2022,1
Arjun Mehta certificate instant approval from Delhi University no official verification fast process.,,,0
Ananya Rao certificate instant approval from Osmania University no official verification fast process.,,,0
This is to certify that Kavya Nair is officially registered with Delhi University. Registration ID ID-712675 dated 20 December 2020.,ID-712675,20 December 2020,1
This is to certify that Rahul Sharma is officially registered with National Property Council. Registration ID ID-218576 dated 6 October 2024.,ID-218576,6 October 2024,1
This is to certify that Rahul Sharma is officially registered with Apollo Hospital. Registration ID ID-153858 dated 18 December 2022.,ID-153858,18 December 2022,1
Arjun Mehta certificate instant approval from Osmania University no official verification fast process.,,,0
This is to certify that Kavya Nair is officially registered with District Court Hyderabad. Registration ID ID-610759 dated 17 May 2022.,ID-610759,17 May 2022,1
